{"stats":{"minecraft:used":{"luminousworld:creepberries":1,"minecraft:poppy":4,"alexsmobs:animal_dictionary":1,"minecraft:azure_bluet":1},"minecraft:killed_by":{"enemyexpansion:direwolf":1,"darkestsouls:hollow_assassin":1,"duckensinvasion:footsoldier_duck":1},"minecraft:killed":{"minecraft:pig":3,"minecraft:chicken":6,"terramity:green_fairy":1},"minecraft:mined":{"duckensinvasion:duck_statue_feet":1,"minecraft:fire":3,"treechop:chopped_log":1,"duckensinvasion:duckstatue_body":1,"minecraft:grass":78,"minecraft:melon":1,"duckensinvasion:duck_statue_head":1,"luminousworld:grassvariant_2":2,"minecraft:tall_grass":20,"minecraft:fern":2,"luminousworld:creepbush":1},"minecraft:custom":{"minecraft:time_since_rest":7040,"minecraft:blood":0,"minecraft:magic_shield":0,"minecraft:damage_absorbed":24,"minecraft:sprint_one_cm":105034,"minecraft:damage_taken":1742,"minecraft:walk_one_cm":72332,"minecraft:mob_kills":10,"minecraft:dexterity":0,"minecraft:intelligence":0,"minecraft:damage_dealt":949,"minecraft:health":70,"minecraft:move_speed":0,"minecraft:swim_one_cm":946,"minecraft:fly_one_cm":168650,"minecraft:crouch_one_cm":197,"minecraft:play_time":20370,"minecraft:deaths":3,"minecraft:sneak_time":62,"minecraft:walk_under_water_one_cm":2596,"minecraft:jump":638,"minecraft:energy":50,"minecraft:leave_game":2,"minecraft:time_since_death":7499,"minecraft:walk_on_water_one_cm":4346,"minecraft:strength":0,"minecraft:climb_one_cm":588,"minecraft:total_world_time":20370,"minecraft:mana":50,"minecraft:fall_one_cm":17172},"minecraft:crafted":{"minecraft:crafting_table":1,"minecraft:acacia_planks":40},"minecraft:picked_up":{"minecraft:feather":8,"minecraft:azure_bluet":1,"minecraft:chicken":6,"born_in_chaos_v1:river_mint":2,"duckensinvasion:duckstatue_body":1,"luminousworld:creepberries":1,"minecraft:dandelion":5,"alexsmobs:acacia_blossom":1,"terramity:fairy_dust":1,"minecraft:acacia_log":10,"duckensinvasion:duck_statue_feet":1,"minecraft:porkchop":6,"duckensinvasion:duck_statue_head":1,"minecraft:cornflower":1,"luminousworld:grassflowers":1,"minecraft:wheat_seeds":19,"minecraft:poppy":4,"minecraft:melon_slice":3,"minecraft:sugar_cane":3,"minecraft:acacia_sapling":2}},"DataVersion":3465}