{"stats":{"minecraft:used":{"alexsmobs:animal_dictionary":1},"minecraft:custom":{"minecraft:time_since_rest":1,"minecraft:blood":0,"minecraft:magic_shield":0,"minecraft:damage_absorbed":8,"minecraft:play_time":9325,"minecraft:deaths":2,"minecraft:sprint_one_cm":43932,"minecraft:damage_taken":848,"minecraft:walk_one_cm":34637,"minecraft:sneak_time":1,"minecraft:walk_under_water_one_cm":1801,"minecraft:mob_kills":6,"minecraft:energy":50,"minecraft:dexterity":0,"minecraft:jump":290,"minecraft:intelligence":0,"minecraft:damage_dealt":533,"minecraft:leave_game":1,"minecraft:time_since_death":395,"minecraft:health":70,"minecraft:move_speed":0,"minecraft:walk_on_water_one_cm":820,"minecraft:strength":0,"minecraft:total_world_time":9325,"minecraft:mana":50,"minecraft:fall_one_cm":8914,"minecraft:fly_one_cm":73139},"minecraft:mined":{"minecraft:grass":42,"minecraft:tall_grass":10,"treechop:chopped_log":1},"minecraft:killed":{"minecraft:pig":3,"minecraft:chicken":3},"minecraft:killed_by":{"enemyexpansion:direwolf":1,"darkestsouls:hollow_assassin":1},"minecraft:crafted":{"minecraft:acacia_planks":40,"minecraft:crafting_table":1},"minecraft:picked_up":{"minecraft:feather":4,"minecraft:chicken":3,"alexsmobs:acacia_blossom":1,"minecraft:wheat_seeds":7,"minecraft:acacia_log":10,"minecraft:porkchop":6,"minecraft:sugar_cane":3,"minecraft:acacia_sapling":2}},"DataVersion":3465}